{
  "products": [
    {
      "id": "1",
      "brand": "MP Biomedicals",
      "product_title": "L-TYROSINE",
      "discount": "12%",
      "list_price": 13000,
      "p_image": "https://biomall.live/assets/product/mp-biomedicals_1521887454.jpg",
      "pack_size": "500",
      "stock": "5"
    },
    {
      "id": "2",
      "brand": "MP Biomedicals",
      "product_title": "SDA Medium-URA (PACK) (Pouches)",
      "discount": "10%",
      "list_price": 5000,
      "p_image": "https://biomall.live/assets/product/mp-biomedicals_1521887454.jpg",
      "pack_size": "50",
      "stock": "2"
    },
    {
      "id": "3",
      "brand": "HIMEDIA",
      "product_title": "Agar Granulated, Bacteriological Grade",
      "discount": "",
      "list_price": 5400,
      "p_image": "https://biomall.live/assets/product/himedia_1593596437.jpg",
      "pack_size": "530",
      "stock": "4"
    },
    {
      "id": "4",
      "brand": "HIMEDIA",
      "product_title": "Sabouraud Dextrose Agar Plate",
      "discount": "5%",
      "list_price": 4000,
      "p_image": "https://biomall.live/assets/product/sabouraud-dextrose-agar-plate-w-cycloheximide-mp-pt-1563531585.jpg",
      "pack_size": "50",
      "stock": "5"
    },
    {
      "id": "5",
      "brand": "HIMEDIA",
      "product_title": "Amphotericin B-EM071-120ST",
      "discount": "10%",
      "list_price": 3200,
      "p_image": "https://biomall.live/assets/product/amphotericin-b-em-st-1564134382.jpg",
      "pack_size": "600",
      "stock": "1"
    },
    {
      "id": "6",
      "brand": "Micromaster",
      "product_title": "Tobramycin",
      "discount": "10%",
      "list_price": 7800,
      "p_image": "https://biomall.live/assets/product/sparfloxacin-spx-mcg-1508912431.jpg",
      "pack_size": "700",
      "stock": "3"
    },
    {
      "id": "7",
      "brand": "Micromaster",
      "product_title": "Sparfloxacin- SPX-5mcg",
      "discount": "1%",
      "list_price": 9000,
      "p_image": "https://biomall.live/assets/product/sparfloxacin-spx-mcg-1508912431.jpg",
      "pack_size": "500",
      "stock": "9"
    },
    {
      "id": "8",
      "brand": "Micromaster",
      "product_title": "Urinary Tract Infection Master Multidiscs",
      "discount": "",
      "list_price": 15000,
      "p_image": "https://biomall.live/assets/product/sparfloxacin-spx-mcg-1508912431.jpg",
      "pack_size": "1000",
      "stock": "1"
    },
    {
      "id": "9",
      "brand": "LG",
      "product_title": "LG W31 Plus 128 GB (Midnight Blue) 4 GB RAM, Dual SIM 4G",
      "discount": "11%",
      "list_price": 6789,
      "p_image": "https://img.tatacliq.com/images/i7/437Wx649H/MP000000009493492_437Wx649H_202105042122001.jpeg",
      "pack_size": "400",
      "stock": "5"
    },
    {
      "id": "10",
      "brand": "LG",
      "product_title": "LG Velvet 128 GB (Aurora Silver) 6 GB RAM, Dual ",
      "discount": "12%",
      "list_price": 38000,
      "p_image": "https://img.tatacliq.com/images/i7/437Wx649H/MP000000009493495_437Wx649H_202105042122011.jpeg",
      "pack_size": "500",
      "stock": "3"
    },
    {
      "id": "11",
      "brand": "LG",
      "product_title": "LG W41 Pro 128 GB (Laser Blue) 6 GB RAM, Dual SIM 4G",
      "discount": "12%",
      "list_price": 13000,
      "p_image": "https://img.tatacliq.com/images/i7/437Wx649H/MP000000009493489_437Wx649H_202105042121451.jpeg",
      "pack_size": "600",
      "stock": "10"
    },
    {
      "id": "12",
      "brand": "VIVO",
      "product_title": "Vivo V21e 128 GB (Dark Pearl) 8 GB RAM, Dual SIM 5G",
      "discount": "",
      "list_price": 27990,
      "p_image": "https://img.tatacliq.com/images/i7/437Wx649H/MP000000009827142_437Wx649H_202106222239451.jpeg",
      "pack_size": "750",
      "stock": "1"
    },
    {
      "id": "13",
      "brand": "Xiomi",
      "product_title": "Xiaomi Redmi 9 Power 64 GB (Blazing Blue) 4 GB RAM, Dual SIM 4G",
      "discount": "1",
      "list_price": 13999,
      "p_image": "https://img.tatacliq.com/images/i7/437Wx649H/MP000000008423536_437Wx649H_202012221649151.jpeg",
      "pack_size": "560",
      "stock": "5"
    },
    {
      "id": "14",
      "brand": "Apple",
      "product_title": "Apple iPhone 11 (128GB) - Black",
      "discount": "10%",
      "list_price": 59990,
      "p_image": "https://img.tatacliq.com/images/i7/437Wx649H/MP000000008075545_437Wx649H_202011300236391.jpeg",
      "pack_size": "300",
      "stock": "1"
    },
    {
      "id": "15",
      "brand": "Oppo",
      "product_title": "OPPO Reno 6 Pro 256 GB (Stellar Black) 12 GB RAM, Dual SIM 5G",
      "discount": "10%",
      "list_price": 39000,
      "p_image": "https://img.tatacliq.com/images/i7/437Wx649H/MP000000010002774_437Wx649H_202107152058081.jpeg",
      "pack_size": "600",
      "stock": "20"
    }
  ],
  "total": 15
}
