{
    "movies": [
        {
            "ageGroup": "16+",
            "cast": [
                "Leonardo DiCaprio",
                "Joseph Gordon-Levitt",
                "Elliot Page"
            ],
            "description": "A troubled thief who extracts secrets from people's dreams takes one last job: leading a dangerous mission to plant an idea in a target's subconscious",
            "durationMins": "148",
            "genres": [
                "Spy Movies",
                "Sci-Fi Movies",
                "US Movies"
            ],
            "img": "https://images-na.ssl-images-amazon.com/images/I/7106uLYY2LL._AC_SL1111_.jpg",
            "title": "Inception",
            "type": [
                "Mind-Bending",
                "Suspensful",
                "Exciting"
            ],
            "year": 2010
        },
        {
            "ageGroup": "18+",
            "cast": [
                "Tim Robbins",
                "Morgan Freeman",
                "Bob Gunton"
            ],
            "description": "Framed for murder, upstanding banker Andy Dufresne begins a new life at the Shawshank prison and gradually forms a close bond with older inmate Red.",
            "durationMins": "142",
            "genres": [
                "US Movies",
                "Movies Based on Books",
                "Crime Movies"
            ],
            "img": "https://m.media-amazon.com/images/M/MV5BMDFkYTc0MGEtZmNhMC00ZDIzLWFmNTEtODM1ZmRlYWMwMWFmXkEyXkFqcGdeQXVyMTMxODk2OTU@._V1_UY1200_CR89,0,630,1200_AL_.jpg",
            "title": "The Shawshank Redemption",
            "type": [
                "Inspiring",
                "Emotional",
                "Feel-Good"
            ],
            "year": 1994
        },
        {
            "ageGroup": "18+",
            "cast": [
                "Liam Neeson",
                "Ben Kingsley",
                "Ralph Fiennes"
            ],
            "description": "Oskar Schindler becomes an unlikely humanitarian, spending his entire fortune to help save 1,100 Jews from Auschwitz during World War II.",
            "durationMins": "195",
            "genres": [
                "Military Movies",
                "Movies Based on Real Life",
                "US Movies"
            ],
            "img": "https://m.media-amazon.com/images/M/MV5BNDE4OTMxMTctNmRhYy00NWE2LTg3YzItYTk3M2UwOTU5Njg4XkEyXkFqcGdeQXVyNjU0OTQ0OTY@._V1_.jpg",
            "title": "Schindler's List",
            "type": [
                "Violent",
                "Dark",
                "Emotional"
            ],
            "year": 1993
        },
        {
            "ageGroup": "18+",
            "cast": [
                "Brad Pitt",
                "Mélanie Laurent",
                "Cristoph Waltz"
            ],
            "description": "A Jewish cinema owner in occupied Paris is forced to host a Nazi premiere, where a group of American soldiers called the Basterds plans a face-off",
            "durationMins": "152",
            "genres": [
                "Spy Movies",
                "Military Movies",
                "US Movies"
            ],
            "img": "https://images-na.ssl-images-amazon.com/images/I/61PXdxTJGPL._AC_SY741_.jpg",
            "title": "Inglorious Basterds",
            "type": [
                "Violent",
                "Suspensful"
            ],
            "year": 2009
        },
        {
            "ageGroup": "16+",
            "cast": [
                "Hugh Jackman",
                "Christian Bale",
                "Michael Caine"
            ],
            "description": "Desperate to reveal each other's secrets, two rival magicians begin to perform increasingly risky tricks -- which soon turn deadly",
            "durationMins": "130",
            "genres": [
                "Mysteries",
                "US Movies",
                "Movies Based on Books"
            ],
            "img": "https://m.media-amazon.com/images/M/MV5BMjA4NDI0MTIxNF5BMl5BanBnXkFtZTYwNTM0MzY2._V1_.jpg",
            "title": "The Prestige",
            "type": [
                "Mind-Bending",
                "Dark",
                "Suspensful"
            ],
            "year": 2006
        },
        {
            "ageGroup": "18+",
            "cast": [
                "Brad Pitt",
                "Morgan Freeman",
                "Gwyneth Paltrow"
            ],
            "description": "A seasoned homicide detective and his new partner are on a desperate hunt for a killer whose gruesome crimes are based on the Seven Deadly Sins",
            "durationMins": "126",
            "genres": [
                "Mysteries",
                "US Movies",
                "Crime Movies"
            ],
            "img": "https://m.media-amazon.com/images/M/MV5BOTUwODM5MTctZjczMi00OTk4LTg3NWUtNmVhMTAzNTNjYjcyXkEyXkFqcGdeQXVyNjU0OTQ0OTY@._V1_.jpg",
            "title": "Seven",
            "type": [
                "Chilling",
                "Scary",
                "Gritty"
            ],
            "year": 1995
        },
        {
            "ageGroup": "7+",
            "cast": [
                "Sandra Bullock",
                "Jon Hamm",
                "Michael Keaton"
            ],
            "description": "The banana-yellow, linguistically garbled henchmen of 'Descpicable Me' star in this prequel, recounting the story of their villain-worshipping history.",
            "durationMins": "150",
            "genres": [
                "Family Features",
                "US Movies",
                "Children & Family Movies"
            ],
            "img": "https://m.media-amazon.com/images/M/MV5BMTg2MTMyMzU0M15BMl5BanBnXkFtZTgwOTU3ODk4NTE@._V1_.jpg",
            "title": "Minions",
            "type": [
                "Goofy",
                "Feel-Good",
                "Exciting"
            ],
            "year": 2015
        },
        {
            "ageGroup": "13+",
            "cast": [
                "Hrithik Roshan",
                "Abhay Deol",
                "Farhan Akhtar"
            ],
            "description": "Three friends on an adventurous road trip/bachelor party in Spain learn some lessons about themselves and each other that will change them forever.",
            "durationMins": "154",
            "genres": [
                "Romantic Comedies",
                "Hindi-Language Movies",
                "Bollywood Movies"
            ],
            "img": "https://m.media-amazon.com/images/M/MV5BZGFmMjM5OWMtZTRiNC00ODhlLThlYTItYTcyZDMyYmMyYjFjXkEyXkFqcGdeQXVyNDUzOTQ5MjY@._V1_.jpg",
            "title": "Zindagi Na Milegi Dobara",
            "type": [
                "Charming",
                "Witty",
                "Emotional"
            ],
            "year": 2011
        },
        {
            "ageGroup": "16+",
            "cast": [
                "Tom Cruise",
                "Jon Voight",
                "Emmanuelle Béart"
            ],
            "description": "The leader of a crack espionage team whose perilous operation has gone awry discovers a mole has penetrated the CIA -- and he's the No. 1 suspect.",
            "durationMins": "148",
            "genres": [
                "Spy Movies",
                "US Movies",
                "Action & Adventure"
            ],
            "img": "https://m.media-amazon.com/images/M/MV5BMTc3NjI2MjU0Nl5BMl5BanBnXkFtZTgwNDk3ODYxMTE@._V1_.jpg",
            "title": "Mission: Impossible",
            "type": [
                "Adrenaline Rush",
                "Suspensful",
                "Exciting"
            ],
            "year": 1996
        },
        {
            "ageGroup": "18+",
            "cast": [
                "Amy Adams",
                "Gary Oldman",
                "Anthony Mackie"
            ],
            "description": "Confined to her home by agrophobia, a psychologist becomes obsessed with her new neighbors - and solving a brutal crime she witnesses from her window.",
            "durationMins": "161",
            "genres": [
                "Mysteries",
                "US Movies",
                "Movies Based on Books"
            ],
            "img": "https://m.media-amazon.com/images/M/MV5BYmVlNWJkZWYtYmJkMy00YTZlLTgwODMtZjVmOGMzMmM1ZTk2XkEyXkFqcGdeQXVyMTAyMjQ3NzQ1._V1_.jpg",
            "title": "The Woman in the Window",
            "type": [
                "Ominous",
                "Suspensful"
            ],
            "year": 2021
        }
    ],
    "shows": [
        {
            "ageGroup": "18+",
            "cast": [
                "Benedict Cumberbatch",
                "Martin Freeman",
                "Una Stubbs",
                "Rupert Graves",
                "Mark Gatiss",
                "Andrew Scott"
            ],
            "description": "Dr. Watson, a former army doctor, finds himself sharing a flat with Sherlock Holmes, an eccentric individual with a knack for solving crimes. Together, they take on the most unusual cases.",
            "seasons": 4,
            "genres": [
                "TV Mysteries",
                "Crime TV Shows",
                "British"
            ],
            "img": "https://m.media-amazon.com/images/M/MV5BMWY3NTljMjEtYzRiMi00NWM2LTkzNjItZTVmZjE0MTdjMjJhL2ltYWdlL2ltYWdlXkEyXkFqcGdeQXVyNTQ4NTc5OTU@._V1_.jpg",
            "title": "Sherlock",
            "type": [
                "Cerebral",
                "Witty",
                "Suspensful"
            ],
            "year": 2017
        },
        {
            "ageGroup": "13+",
            "cast": [
                "Jennifer Aniston",
                "Courtney Cox",
                "Lisa Kudrow",
                "Matthew Perry",
                "David Schwimmer",
                "Matt LeBlanc"
            ],
            "description": "Follow the lives of six reckless adults living in Manhattan, as they indulge in adventures which makes their lives both troublesome and happening.",
            "seasons": 10,
            "genres": [
                "Sitcoms",
                "TV Comedies",
                "US TV Shows"
            ],
            "img": "https://m.media-amazon.com/images/M/MV5BNDVkYjU0MzctMWRmZi00NTkxLTgwZWEtOWVhYjZlYjllYmU4XkEyXkFqcGdeQXVyNTA4NzY1MzY@._V1_FMjpg_UX1000_.jpg",
            "title": "F.R.I.E.N.D.S",
            "type": [
                "Quirky",
                "Witty"
            ],
            "year": 1994
        },
        {
            "ageGroup": "16+",
            "cast": [
                "Viola Davis",
                "Billy Brown",
                "Alfred Enoch",
                "Katie Findlay",
                "Aja Naomi King",
                "Matt McGorry"
            ],
            "description": "Annalise Keating, a criminal defence lawyer and professor, teaches a group of aspiring law students. However, their lives alter when they get entangled in an aberrant murder.",
            "seasons": 6,
            "genres": [
                "TV Mysteries",
                "Crime TV Shows",
                "Courtroom TV Shows"
            ],
            "img": "https://m.media-amazon.com/images/M/MV5BZDQ5ZDRhMWItNjA5Ni00MDhiLTgwN2EtZjFkYzgzNjBhZTIyXkEyXkFqcGdeQXVyMTkxNjUyNQ@@._V1_.jpg",
            "title": "how to get away with Murder",
            "type": [
                "Suspensful"
            ],
            "year": 2014
        },
        {
            "ageGroup": "16+",
            "cast": [
                "Gabriel Macht",
                "Patrick J. Adams",
                "Rick Hoffman",
                "Meghan Markle",
                "Sarah Rafferty",
                "Gina Torres"
            ],
            "description": "Mike Ross, a talented young college dropout, is hired as an associate by Harvey Specter, one of New York's best lawyers. They must handle cases while keeping Mike's qualifications a secret.",
            "seasons": 9,
            "genres": [
                "Courtroom TV Shows",
                "TV Dramas",
                "TV Comedies"
            ],
            "img": "https://m.media-amazon.com/images/M/MV5BNmVmMmM5ZmItZDg0OC00NTFiLWIxNzctZjNmYTY5OTU3ZWU3XkEyXkFqcGdeQXVyMTQxNzMzNDI@._V1_.jpg",
            "title": "Suits",
            "type": [
                "Witty"
            ],
            "year": 2019
        },
        {
            "ageGroup": "16+",
            "cast": [
                "Winona Ryder",
                "David Harbour",
                "Finn Wolfhard",
                "Millie Bobby Brown",
                "Gaten Matarazzo",
                "Caleb McLaughlin"
            ],
            "description": "In 1980s Indiana, a group of young friends witness supernatural forces and secret government exploits. As they search for answers, the children unravel a series of extraordinary mysteries.",
            "seasons": 3,
            "genres": [
                "Sci-Fi TV",
                "TV Shows",
                "Horror TV Serials"
            ],
            "img": "https://m.media-amazon.com/images/M/MV5BN2ZmYjg1YmItNWQ4OC00YWM0LWE0ZDktYThjOTZiZjhhN2Q2XkEyXkFqcGdeQXVyNjgxNTQ3Mjk@._V1_.jpg",
            "title": "Stranger Things",
            "type": [
                "Ominous",
                "Scary",
                "Exciting"
            ],
            "year": 2016
        },
        {
            "ageGroup": "18+",
            "cast": [
                "Nina Dobrev",
                "Paul Wesley",
                "Ian Somerhalder",
                "Steven R. McQueen",
                "Sara Canning",
                "Kat Graham"
            ],
            "description": "On her first day at high school, Elena meets Stefan and immediately feels a connection with him. However, what she does not know is that Stefan and his brother, Damon, are in fact vampires.",
            "seasons": 8,
            "genres": [
                "Fantasy TV Shows",
                "TV Shows Based on Books",
                "Teen TV Shows"
            ],
            "img": "https://m.media-amazon.com/images/M/MV5BMDk3YzgxNDQtNTEzOS00NDMyLWFlYmYtYTZlMDk1NDkxNmMyXkEyXkFqcGdeQXVyNzA5NjUyNjM@._V1_.jpg",
            "title": "The Vampire Diaries",
            "type": [
                "Ominous",
                "Suspensful"
            ],
            "year": 2009
        },
        {
            "ageGroup": "16+",
            "cast": [
                "Lily Collins",
                "Philippine Leroy-Beaulieu",
                "Ashley Park",
                "Lucas Bravo",
                "Kate Walsh",
                "Samuel Arnold"
            ],
            "description": "Chicago marketing executive Emily Cooper is hired to provide an American perspective at a marketing firm in Paris.",
            "seasons": 1,
            "genres": [
                "Romantic TV Draams",
                "Romantic TV Comedies",
                "TV Dramas"
            ],
            "img": "https://m.media-amazon.com/images/M/MV5BYTFjZjQzZDgtOWEyNy00YmY1LTgyYjQtMTBlODUxZTBiZWRkXkEyXkFqcGdeQXVyMTkxNjUyNQ@@._V1_.jpg",
            "title": "Emily in Paris",
            "type": [
                "Campy",
                "Quirky",
                "Romantic"
            ],
            "year": 2020
        },
        {
            "ageGroup": "16+",
            "cast": [
                "Andy Samberg",
                "Andre Braugher",
                "Stephanie Beatriz",
                "Terry Crews",
                "Melissa Fumero",
                "Joe Lo Truglio"
            ],
            "description": "Ray Holt, an eccentric commanding officer, and his diverse and quirky team of odd detectives solve crimes in Brooklyn, New York City.",
            "seasons": 7,
            "genres": [
                "Crime TV Shows",
                "Sitcoms",
                "TV Comedies"
            ],
            "img": "https://m.media-amazon.com/images/M/MV5BNzVkYWY4NzYtMWFlZi00YzkwLThhZDItZjcxYTU4ZTMzMDZmXkEyXkFqcGdeQXVyODUxOTU0OTg@._V1_.jpg",
            "title": "Brooklyn Nine Nine",
            "type": [
                "Goofy"
            ],
            "year": 2013
        },
        {
            "ageGroup": "18+",
            "cast": [
                "Benedict Cumberbatch",
                "Martin Freeman",
                "Una Stubbs",
                "Rupert Graves",
                "Mark Gatiss",
                "Andrew Scott"
            ],
            "description": "Dr. Watson, a former army doctor, finds himself sharing a flat with Sherlock Holmes, an eccentric individual with a knack for solving crimes. Together, they take on the most unusual cases.",
            "seasons": 4,
            "genres": [
                "TV Mysteries",
                "Crime TV Shows",
                "British"
            ],
            "img": "https://m.media-amazon.com/images/M/MV5BMWY3NTljMjEtYzRiMi00NWM2LTkzNjItZTVmZjE0MTdjMjJhL2ltYWdlL2ltYWdlXkEyXkFqcGdeQXVyNTQ4NTc5OTU@._V1_.jpg",
            "title": "Sherlock",
            "type": [
                "Cerebral",
                "Witty",
                "Suspensful"
            ],
            "year": 2017
        },
        {
            "ageGroup": "16+",
            "cast": [
                "Johnny Galecki",
                "Jim Parsons",
                "Kaley Cuoco",
                "Simon Helberg",
                "Kunal Nayyar",
                "Mayim Bialik"
            ],
            "description": "The lives of four socially awkward friends, Leonard, Sheldon, Howard and Raj, take a wild turn when they meet the beautiful and free-spirited Penny.",
            "seasons": 12,
            "genres": [
                "Sitcoms",
                "TV Comedies",
                "US TV Shows"
            ],
            "img": "https://m.media-amazon.com/images/M/MV5BY2FmZTY5YTktOWRlYy00NmIyLWE0ZmQtZDg2YjlmMzczZDZiXkEyXkFqcGdeQXVyNjg4NzAyOTA@._V1_.jpg",
            "title": "The Big Bang Theory",
            "type": [
                "Quirky"
            ],
            "year": 2007
        },
        {
            "ageGroup": "16+",
            "cast": [
                "Charlie Sheen",
                "Jon Cryer",
                "Angus T. Jones",
                "Conchata Ferrell",
                "Holland Taylor",
                "Marin Hinkle"
            ],
            "description": "Charlie Harper is a jingle writer who leads a hedonistic, carefree life. Everything changes when his good-for-nothing brother, Alan, and 10-year-old nephew, Jake, move into his Malibu beach house.",
            "seasons": 12,
            "genres": [
                "Sitcoms",
                "TV Comedies",
                "US TV Shows"
            ],
            "img": "https://images-na.ssl-images-amazon.com/images/I/511r%2BPtRj%2BL._AC_.jpg",
            "title": "Two and a Half Men",
            "type": [
                "Raunchy",
                "Witty"
            ],
            "year": 2003
        },
        {
            "ageGroup": "18+",
            "cast": [
                "Justin Rolland",
                "Chris Parnell",
                "Spencer Grammer",
                "Sarah Chalke"
            ],
            "description": "After having been missing for nearly 20 years, Rick Sanchez suddenly arrives at daughter Beth's doorstep to move in with her and her family. Although Beth welcomes Rick into her home, her husband, Jerry, isn't as happy about the family reunion. Jerry is concerned about Rick, a sociopathic scientist, using the garage as his personal laboratory. In the lab, Rick works on a number of sci-fi gadgets, some of which could be considered dangerous. But that's not all Rick does that concerns Jerry. He also goes on adventures across the universe that often involve his grandchildren, Morty and Summer.",
            "seasons": 4,
            "genres": [
                "Sci-Fi TV",
                "Sitcoms",
                "TV Comedies"
            ],
            "img": "https://m.media-amazon.com/images/M/MV5BZjRjOTFkOTktZWUzMi00YzMyLThkMmYtMjEwNmQyNzliYTNmXkEyXkFqcGdeQXVyNzQ1ODk3MTQ@._V1_.jpg",
            "title": "Rick and Morty",
            "type": [
                
                "Absurd",
                "Quirky"
            ],
            "year": 2013
        },
        {
            "ageGroup": "16+",
            "cast": [
                "Manoj Bajpayee",
                "Gajraj Rao",
                "Kay Kay Menon",
                "Ali Fazal",
                "Harshvardhan Kapoor",
                "Radhika Madan"
            ],
            "description": "From a satire to a psychological thriller, four short stories from filmmaker Satyajit Ray are adapted for the screen.",
            "seasons": 1,
            "genres": [
                "Hindi-Language TV Shows",
                "TV Shows Based on Books",
                "TV Thrillers"
            ],
            "img": "https://m.media-amazon.com/images/M/MV5BZmQ0YWUzNmYtNzFlMi00NTIxLWE0MDctNzc4MmE0ODg4OTI5XkEyXkFqcGdeQXVyMTEyMjM2NDc2._V1_FMjpg_UX1000_.jpg",
            "title": "Ray",
            "type": [
                "Chilling"
            ],
            "year": 2021
        },
        {
            "ageGroup": "16+",
            "cast": [
                "Nina Dögg Filippusdóttir",
                "Björn Thors",
                "Berger Ebbi",
                "Aldís Amah Hamilton",
                "Sigurður Skúlason",
                "Tinna Hrafnsdóttir"
            ],
            "description": "An Oslo detective with a painful past returns to his native Iceland to help a police officer hunt for a serial killer with a link to a mysterious photograph.",
            "seasons": 1,
            "genres": [
                "TV Mysteries",
                "Crime TV Shows",
                "Scandinavian TV Shows"
            ],
            "img": "https://m.media-amazon.com/images/M/MV5BNWUzODllZDYtNDEyOC00NzZlLTkzYmMtMWE0YWEwYTA1Y2RhXkEyXkFqcGdeQXVyMTI4ODE4ODA@._V1_FMjpg_UX1000_.jpg",
            "title": "The Valhalla Murders",
            "type": [
                "Dark",
                "Suspensful"
            ],
            "year": 202
        },
        {
            "ageGroup": "18+",
            "cast": [
                "Ólafur Darri Ólafsson",
                "Ilmur Kristjánsdóttir",
                "Ingvar Sigurðsson",
                "þorsteinn Gunnarsson",
                "Nina Dögg Filippusdóttir",
                "Bjarne Heriksen"
            ],
            "description": "`Trapped' is a crime-drama series following a police department as they try to uncover a mystery against the elements. In a fjord nearby a small Icelandic town a ferry arrives from Denmark with 300 passengers, but only their journey stops here. A storm overhead and a treacherous blizzard prevent the ferry and the townspeople from leaving the remote area. When a dismembered, mutilated body washes up onshore, the local police realise a murder has taken place just hours ago. Everybody trapped in the vicinity immediately become potential suspects and chaos descends as they try to find the killer.",
            "seasons": 2,
            "genres": [
                "TV Mysteries",
                "Crime TV Shows",
                "Scandinavian TV Shows"
            ],
            "img": "https://m.media-amazon.com/images/M/MV5BMjEwOTQ0OTIwNV5BMl5BanBnXkFtZTgwNTAwODY2NzE@._V1_.jpg",
            "title": "Trapped",
            "type": [
                "Suspensful"
            ],
            "year": 2015
        }
    ]
}